{
  "keyMappings": [
    {
      "buttonName": "Q key",
      "id": 0,
      "key": "q",
      "keyCode": "KeyQ",
      "style": {
        "x": 726,
        "y": 39,
        "width": 233.0749969482422,
        "height": 191.0749969482422,
        "top": 39,
        "right": 959.0749969482422,
        "bottom": 230.0749969482422,
        "left": 726
      }
    },
    {
      "buttonName": "Esc",
      "id": 1,
      "key": "Escape",
      "keyCode": "Escape",
      "style": {
        "x": 62,
        "y": 247.1999969482422,
        "width": 298,
        "height": 103,
        "top": 247.1999969482422,
        "right": 360,
        "bottom": 350.1999969482422,
        "left": 62
      }
    }
  ]
}