{
  "keyMappings": [
    {
      "buttonName": "Q key",
      "id": 0,
      "key": "a",
      "keyCode": 65,
      "style": {
        "bottom": 192.0749969482422,
        "height": 182.0749969482422,
        "left": 484,
        "right": 675.0749969482422,
        "top": 10,
        "width": 191.0749969482422,
        "x": 484,
        "y": 10
      }
    },
    {
      "buttonName": "Esc",
      "id": 1,
      "key": "Escape",
      "keyCode": "Escape",
      "style": {
        "bottom": 108,
        "height": 91,
        "left": 67,
        "right": 165,
        "top": 17,
        "width": 98,
        "x": 67,
        "y": 17
      }
    }
  ]
}